district,state,week_start,complaint_count,total_fraud_amount,withdrawal_count,risk_level
Chennai,Tamil Nadu,2024-09-01,53,2129700.00,37,MEDIUM
Coimbatore,Tamil Nadu,2024-09-01,35,1428300.00,43,HIGH
Madurai,Tamil Nadu,2024-09-01,25,1280100.00,35,MEDIUM
Salem,Tamil Nadu,2024-09-01,58,2896500.00,30,MEDIUM
Tiruchirappalli,Tamil Nadu,2024-09-01,26,915100.00,25,MEDIUM
Tiruppur,Tamil Nadu,2024-09-01,24,1280700.00,15,LOW
Erode,Tamil Nadu,2024-09-01,24,1138100.00,18,LOW
Vellore,Tamil Nadu,2024-09-01,22,1314200.00,14,LOW
Thanjavur,Tamil Nadu,2024-09-01,12,345700.00,13,LOW
Dindigul,Tamil Nadu,2024-09-01,16,586200.00,21,MEDIUM
Tirunelveli,Tamil Nadu,2024-09-01,15,598500.00,11,LOW
Thoothukudi,Tamil Nadu,2024-09-01,15,594500.00,13,LOW
Chennai,Tamil Nadu,2024-09-08,70,3763200.00,62,HIGH
Coimbatore,Tamil Nadu,2024-09-08,33,1872400.00,44,HIGH
Madurai,Tamil Nadu,2024-09-08,47,2042400.00,45,HIGH
Salem,Tamil Nadu,2024-09-08,37,1179100.00,44,HIGH
Tiruchirappalli,Tamil Nadu,2024-09-08,22,576600.00,36,MEDIUM
Tiruppur,Tamil Nadu,2024-09-08,13,448700.00,24,MEDIUM
Erode,Tamil Nadu,2024-09-08,16,393900.00,22,MEDIUM
Vellore,Tamil Nadu,2024-09-08,21,873700.00,28,MEDIUM
Thanjavur,Tamil Nadu,2024-09-08,15,550900.00,10,LOW
Dindigul,Tamil Nadu,2024-09-08,19,1276700.00,11,LOW
Tirunelveli,Tamil Nadu,2024-09-08,31,1040900.00,20,MEDIUM
Thoothukudi,Tamil Nadu,2024-09-08,25,853800.00,14,LOW
Chennai,Tamil Nadu,2024-09-15,65,3512300.00,50,HIGH
Coimbatore,Tamil Nadu,2024-09-15,28,1470200.00,48,HIGH
Madurai,Tamil Nadu,2024-09-15,35,1294300.00,40,HIGH
Salem,Tamil Nadu,2024-09-15,37,1576800.00,35,MEDIUM
Tiruchirappalli,Tamil Nadu,2024-09-15,25,1457900.00,32,MEDIUM
Tiruppur,Tamil Nadu,2024-09-15,18,1396100.00,27,MEDIUM
Erode,Tamil Nadu,2024-09-15,12,694200.00,33,MEDIUM
Vellore,Tamil Nadu,2024-09-15,30,1005400.00,31,MEDIUM
Thanjavur,Tamil Nadu,2024-09-15,17,724800.00,16,LOW
Dindigul,Tamil Nadu,2024-09-15,17,704300.00,15,LOW
Tirunelveli,Tamil Nadu,2024-09-15,21,877300.00,17,LOW
Thoothukudi,Tamil Nadu,2024-09-15,17,504800.00,20,MEDIUM
Chennai,Tamil Nadu,2024-09-22,64,2193100.00,54,HIGH
Coimbatore,Tamil Nadu,2024-09-22,27,1249400.00,40,HIGH
Madurai,Tamil Nadu,2024-09-22,40,1729500.00,43,HIGH
Salem,Tamil Nadu,2024-09-22,41,2019000.00,37,MEDIUM
Tiruchirappalli,Tamil Nadu,2024-09-22,27,1568700.00,34,MEDIUM
Tiruppur,Tamil Nadu,2024-09-22,24,857500.00,31,MEDIUM
Erode,Tamil Nadu,2024-09-22,14,465900.00,26,MEDIUM
Vellore,Tamil Nadu,2024-09-22,22,992500.00,36,MEDIUM
Thanjavur,Tamil Nadu,2024-09-22,25,1613600.00,16,LOW
Dindigul,Tamil Nadu,2024-09-22,16,585400.00,24,MEDIUM
Tirunelveli,Tamil Nadu,2024-09-22,45,1975300.00,29,MEDIUM
Thoothukudi,Tamil Nadu,2024-09-22,12,296300.00,12,LOW
Chennai,Tamil Nadu,2024-09-29,51,2008300.00,30,MEDIUM
Coimbatore,Tamil Nadu,2024-09-29,26,1035700.00,42,HIGH
Madurai,Tamil Nadu,2024-09-29,45,2271900.00,30,MEDIUM
Salem,Tamil Nadu,2024-09-29,34,1387700.00,43,HIGH
Tiruchirappalli,Tamil Nadu,2024-09-29,25,684100.00,36,MEDIUM
Tiruppur,Tamil Nadu,2024-09-29,41,1617200.00,31,MEDIUM
Erode,Tamil Nadu,2024-09-29,22,703700.00,24,MEDIUM
Vellore,Tamil Nadu,2024-09-29,19,485600.00,20,MEDIUM
Thanjavur,Tamil Nadu,2024-09-29,22,698900.00,22,MEDIUM
Dindigul,Tamil Nadu,2024-09-29,23,1339900.00,25,MEDIUM
Tirunelveli,Tamil Nadu,2024-09-29,34,1831000.00,21,MEDIUM
Thoothukudi,Tamil Nadu,2024-09-29,17,646900.00,19,LOW
Chennai,Tamil Nadu,2024-10-06,70,2844200.00,43,HIGH
Coimbatore,Tamil Nadu,2024-10-06,30,1085600.00,49,HIGH
Madurai,Tamil Nadu,2024-10-06,38,1022400.00,38,MEDIUM
Salem,Tamil Nadu,2024-10-06,42,1912700.00,28,MEDIUM
Tiruchirappalli,Tamil Nadu,2024-10-06,28,1005700.00,38,MEDIUM
Tiruppur,Tamil Nadu,2024-10-06,28,1010500.00,36,MEDIUM
Erode,Tamil Nadu,2024-10-06,37,1407400.00,31,MEDIUM
Vellore,Tamil Nadu,2024-10-06,21,895000.00,37,MEDIUM
Thanjavur,Tamil Nadu,2024-10-06,13,466900.00,21,MEDIUM
Dindigul,Tamil Nadu,2024-10-06,24,1197500.00,13,LOW
Tirunelveli,Tamil Nadu,2024-10-06,22,1175400.00,18,LOW
Thoothukudi,Tamil Nadu,2024-10-06,13,647700.00,20,MEDIUM
Chennai,Tamil Nadu,2024-10-13,43,1715800.00,43,HIGH
Coimbatore,Tamil Nadu,2024-10-13,33,2222100.00,29,MEDIUM
Madurai,Tamil Nadu,2024-10-13,35,1506800.00,37,MEDIUM
Salem,Tamil Nadu,2024-10-13,28,907100.00,39,MEDIUM
Tiruchirappalli,Tamil Nadu,2024-10-13,33,1163200.00,41,HIGH
Tiruppur,Tamil Nadu,2024-10-13,26,1404000.00,42,HIGH
Erode,Tamil Nadu,2024-10-13,39,1435700.00,33,MEDIUM
Vellore,Tamil Nadu,2024-10-13,22,1030400.00,9,LOW
Thanjavur,Tamil Nadu,2024-10-13,31,1356500.00,17,LOW
Dindigul,Tamil Nadu,2024-10-13,23,908500.00,23,MEDIUM
Tirunelveli,Tamil Nadu,2024-10-13,13,663200.00,23,MEDIUM
Thoothukudi,Tamil Nadu,2024-10-13,23,743100.00,26,MEDIUM
Chennai,Tamil Nadu,2024-10-20,60,2486800.00,43,HIGH
Coimbatore,Tamil Nadu,2024-10-20,45,1701000.00,47,HIGH
Madurai,Tamil Nadu,2024-10-20,44,1989900.00,49,HIGH
Salem,Tamil Nadu,2024-10-20,37,1473700.00,37,MEDIUM
Tiruchirappalli,Tamil Nadu,2024-10-20,24,1213500.00,20,MEDIUM
Tiruppur,Tamil Nadu,2024-10-20,27,1077900.00,42,HIGH
Erode,Tamil Nadu,2024-10-20,28,1435100.00,31,MEDIUM
Vellore,Tamil Nadu,2024-10-20,21,1044200.00,27,MEDIUM
Thanjavur,Tamil Nadu,2024-10-20,18,565100.00,33,MEDIUM
Dindigul,Tamil Nadu,2024-10-20,14,597300.00,11,LOW
Tirunelveli,Tamil Nadu,2024-10-20,16,960700.00,10,LOW
Thoothukudi,Tamil Nadu,2024-10-20,21,908400.00,15,LOW
Chennai,Tamil Nadu,2024-10-27,51,2491500.00,45,HIGH
Coimbatore,Tamil Nadu,2024-10-27,42,1869500.00,42,HIGH
Madurai,Tamil Nadu,2024-10-27,52,2570300.00,46,HIGH
Salem,Tamil Nadu,2024-10-27,24,1523400.00,26,MEDIUM
Tiruchirappalli,Tamil Nadu,2024-10-27,28,1204200.00,44,HIGH
Tiruppur,Tamil Nadu,2024-10-27,34,984000.00,35,MEDIUM
Erode,Tamil Nadu,2024-10-27,28,1614500.00,34,MEDIUM
Vellore,Tamil Nadu,2024-10-27,19,1180700.00,20,MEDIUM
Thanjavur,Tamil Nadu,2024-10-27,16,754800.00,32,MEDIUM
Dindigul,Tamil Nadu,2024-10-27,19,1284400.00,28,MEDIUM
Tirunelveli,Tamil Nadu,2024-10-27,24,835100.00,18,LOW
Thoothukudi,Tamil Nadu,2024-10-27,13,520500.00,22,MEDIUM
Chennai,Tamil Nadu,2024-11-03,51,2099900.00,43,HIGH
Coimbatore,Tamil Nadu,2024-11-03,42,1914600.00,51,HIGH
Madurai,Tamil Nadu,2024-11-03,47,2026100.00,44,HIGH
Salem,Tamil Nadu,2024-11-03,28,1190800.00,38,MEDIUM
Tiruchirappalli,Tamil Nadu,2024-11-03,35,1502700.00,39,MEDIUM
Tiruppur,Tamil Nadu,2024-11-03,33,1335700.00,33,MEDIUM
Erode,Tamil Nadu,2024-11-03,30,1807000.00,40,HIGH
Vellore,Tamil Nadu,2024-11-03,29,853000.00,19,LOW
Thanjavur,Tamil Nadu,2024-11-03,19,1030600.00,21,MEDIUM
Dindigul,Tamil Nadu,2024-11-03,13,836400.00,19,LOW
Tirunelveli,Tamil Nadu,2024-11-03,17,661600.00,17,LOW
Thoothukudi,Tamil Nadu,2024-11-03,29,1096600.00,22,MEDIUM
Chennai,Tamil Nadu,2024-11-10,66,2921900.00,43,HIGH
Coimbatore,Tamil Nadu,2024-11-10,49,1823300.00,29,MEDIUM
Madurai,Tamil Nadu,2024-11-10,56,2764100.00,35,MEDIUM
Salem,Tamil Nadu,2024-11-10,24,1411500.00,49,HIGH
Tiruchirappalli,Tamil Nadu,2024-11-10,31,1783300.00,42,HIGH
Tiruppur,Tamil Nadu,2024-11-10,33,1420200.00,37,MEDIUM
Erode,Tamil Nadu,2024-11-10,21,1080100.00,25,MEDIUM
Vellore,Tamil Nadu,2024-11-10,22,1100600.00,32,MEDIUM
Thanjavur,Tamil Nadu,2024-11-10,15,798600.00,20,MEDIUM
Dindigul,Tamil Nadu,2024-11-10,15,592400.00,28,MEDIUM
Tirunelveli,Tamil Nadu,2024-11-10,10,614600.00,15,LOW
Thoothukudi,Tamil Nadu,2024-11-10,17,876900.00,9,LOW
Chennai,Tamil Nadu,2024-11-17,63,2916100.00,35,MEDIUM
Coimbatore,Tamil Nadu,2024-11-17,46,1879100.00,37,MEDIUM
Madurai,Tamil Nadu,2024-11-17,47,2379900.00,50,HIGH
Salem,Tamil Nadu,2024-11-17,17,461600.00,30,MEDIUM
Tiruchirappalli,Tamil Nadu,2024-11-17,37,2209800.00,51,HIGH
Tiruppur,Tamil Nadu,2024-11-17,26,739500.00,39,MEDIUM
Erode,Tamil Nadu,2024-11-17,37,1236200.00,25,MEDIUM
Vellore,Tamil Nadu,2024-11-17,31,1318000.00,23,MEDIUM
Thanjavur,Tamil Nadu,2024-11-17,16,526200.00,22,MEDIUM
Dindigul,Tamil Nadu,2024-11-17,15,1005700.00,10,LOW
Tirunelveli,Tamil Nadu,2024-11-17,14,767100.00,17,LOW
Thoothukudi,Tamil Nadu,2024-11-17,19,1019500.00,16,LOW
Chennai,Tamil Nadu,2024-11-24,67,2960400.00,51,HIGH
Coimbatore,Tamil Nadu,2024-11-24,57,2096100.00,38,MEDIUM
Madurai,Tamil Nadu,2024-11-24,31,1144600.00,52,HIGH
Salem,Tamil Nadu,2024-11-24,46,1892400.00,41,HIGH
Tiruchirappalli,Tamil Nadu,2024-11-24,40,1420900.00,31,MEDIUM
Tiruppur,Tamil Nadu,2024-11-24,18,715000.00,36,MEDIUM
Erode,Tamil Nadu,2024-11-24,19,1322700.00,20,MEDIUM
Vellore,Tamil Nadu,2024-11-24,25,1189400.00,19,LOW
Thanjavur,Tamil Nadu,2024-11-24,24,780700.00,19,LOW
Dindigul,Tamil Nadu,2024-11-24,16,689900.00,21,MEDIUM
Tirunelveli,Tamil Nadu,2024-11-24,19,421600.00,19,LOW
Thoothukudi,Tamil Nadu,2024-11-24,20,924700.00,19,LOW
Chennai,Tamil Nadu,2024-12-01,42,1780500.00,41,HIGH
Coimbatore,Tamil Nadu,2024-12-01,27,1155500.00,41,HIGH
Madurai,Tamil Nadu,2024-12-01,23,1294800.00,25,MEDIUM
Salem,Tamil Nadu,2024-12-01,41,1729500.00,43,HIGH
Tiruchirappalli,Tamil Nadu,2024-12-01,34,1823400.00,44,HIGH
Tiruppur,Tamil Nadu,2024-12-01,19,855700.00,19,LOW
Erode,Tamil Nadu,2024-12-01,33,1434900.00,35,MEDIUM
Vellore,Tamil Nadu,2024-12-01,30,1094100.00,22,MEDIUM
Thanjavur,Tamil Nadu,2024-12-01,26,1410000.00,19,LOW
Dindigul,Tamil Nadu,2024-12-01,25,935800.00,17,LOW
Tirunelveli,Tamil Nadu,2024-12-01,9,416300.00,22,MEDIUM
Thoothukudi,Tamil Nadu,2024-12-01,9,385400.00,15,LOW
Chennai,Tamil Nadu,2024-12-08,53,2817600.00,42,HIGH
Coimbatore,Tamil Nadu,2024-12-08,38,1981300.00,40,HIGH
Madurai,Tamil Nadu,2024-12-08,36,1275700.00,36,MEDIUM
Salem,Tamil Nadu,2024-12-08,45,2068700.00,43,HIGH
Tiruchirappalli,Tamil Nadu,2024-12-08,43,1801900.00,42,HIGH
Tiruppur,Tamil Nadu,2024-12-08,22,756600.00,39,MEDIUM
Erode,Tamil Nadu,2024-12-08,18,856200.00,30,MEDIUM
Vellore,Tamil Nadu,2024-12-08,32,1500200.00,23,MEDIUM
Thanjavur,Tamil Nadu,2024-12-08,29,1221500.00,25,MEDIUM
Dindigul,Tamil Nadu,2024-12-08,27,1064700.00,33,MEDIUM
Tirunelveli,Tamil Nadu,2024-12-08,12,406500.00,13,LOW
Thoothukudi,Tamil Nadu,2024-12-08,19,712200.00,9,LOW
Chennai,Tamil Nadu,2024-12-15,41,1454800.00,42,HIGH
Coimbatore,Tamil Nadu,2024-12-15,42,1577300.00,41,HIGH
Madurai,Tamil Nadu,2024-12-15,37,2086700.00,31,MEDIUM
Salem,Tamil Nadu,2024-12-15,49,1759500.00,38,MEDIUM
Tiruchirappalli,Tamil Nadu,2024-12-15,34,1131100.00,29,MEDIUM
Tiruppur,Tamil Nadu,2024-12-15,32,1132500.00,31,MEDIUM
Erode,Tamil Nadu,2024-12-15,22,896800.00,28,MEDIUM
Vellore,Tamil Nadu,2024-12-15,33,1691000.00,32,MEDIUM
Thanjavur,Tamil Nadu,2024-12-15,28,1119200.00,26,MEDIUM
Dindigul,Tamil Nadu,2024-12-15,10,505600.00,39,MEDIUM
Tirunelveli,Tamil Nadu,2024-12-15,17,577400.00,23,MEDIUM
Thoothukudi,Tamil Nadu,2024-12-15,13,577900.00,26,MEDIUM
Chennai,Tamil Nadu,2024-12-22,50,2081500.00,59,HIGH
Coimbatore,Tamil Nadu,2024-12-22,41,2072300.00,38,MEDIUM
Madurai,Tamil Nadu,2024-12-22,56,2718700.00,47,HIGH
Salem,Tamil Nadu,2024-12-22,49,1992800.00,42,HIGH
Tiruchirappalli,Tamil Nadu,2024-12-22,35,1464100.00,39,MEDIUM
Tiruppur,Tamil Nadu,2024-12-22,28,1039700.00,29,MEDIUM
Erode,Tamil Nadu,2024-12-22,23,859200.00,28,MEDIUM
Vellore,Tamil Nadu,2024-12-22,32,1239300.00,32,MEDIUM
Thanjavur,Tamil Nadu,2024-12-22,30,725000.00,27,MEDIUM
Dindigul,Tamil Nadu,2024-12-22,16,652100.00,14,LOW
Tirunelveli,Tamil Nadu,2024-12-22,12,454400.00,20,MEDIUM
Thoothukudi,Tamil Nadu,2024-12-22,11,602200.00,11,LOW
Chennai,Tamil Nadu,2024-12-29,43,2407500.00,55,HIGH
Coimbatore,Tamil Nadu,2024-12-29,58,2072400.00,58,HIGH
Madurai,Tamil Nadu,2024-12-29,40,2152600.00,40,HIGH
Salem,Tamil Nadu,2024-12-29,39,1680700.00,45,HIGH
Tiruchirappalli,Tamil Nadu,2024-12-29,31,1017100.00,35,MEDIUM
Tiruppur,Tamil Nadu,2024-12-29,25,1025100.00,34,MEDIUM
Erode,Tamil Nadu,2024-12-29,18,465800.00,46,HIGH
Vellore,Tamil Nadu,2024-12-29,25,726400.00,23,MEDIUM
Thanjavur,Tamil Nadu,2024-12-29,22,1008500.00,19,LOW
Dindigul,Tamil Nadu,2024-12-29,19,631400.00,19,LOW
Tirunelveli,Tamil Nadu,2024-12-29,20,1150700.00,18,LOW
Thoothukudi,Tamil Nadu,2024-12-29,17,959800.00,14,LOW
Chennai,Tamil Nadu,2025-01-05,43,2242400.00,28,MEDIUM
Coimbatore,Tamil Nadu,2025-01-05,58,2604700.00,45,HIGH
Madurai,Tamil Nadu,2025-01-05,35,1546200.00,55,HIGH
Salem,Tamil Nadu,2025-01-05,42,2066400.00,37,MEDIUM
Tiruchirappalli,Tamil Nadu,2025-01-05,38,1815900.00,43,HIGH
Tiruppur,Tamil Nadu,2025-01-05,32,1348000.00,29,MEDIUM
Erode,Tamil Nadu,2025-01-05,22,913100.00,21,MEDIUM
Vellore,Tamil Nadu,2025-01-05,32,1456500.00,38,MEDIUM
Thanjavur,Tamil Nadu,2025-01-05,19,854500.00,20,MEDIUM
Dindigul,Tamil Nadu,2025-01-05,15,470400.00,10,LOW
Tirunelveli,Tamil Nadu,2025-01-05,14,795000.00,17,LOW
Thoothukudi,Tamil Nadu,2025-01-05,19,713600.00,9,LOW
Chennai,Tamil Nadu,2025-01-12,39,1496900.00,47,HIGH
Coimbatore,Tamil Nadu,2025-01-12,68,2977100.00,58,HIGH
Madurai,Tamil Nadu,2025-01-12,31,1688100.00,46,HIGH
Salem,Tamil Nadu,2025-01-12,66,2982600.00,32,MEDIUM
Tiruchirappalli,Tamil Nadu,2025-01-12,37,1652900.00,53,HIGH
Tiruppur,Tamil Nadu,2025-01-12,20,768100.00,34,MEDIUM
Erode,Tamil Nadu,2025-01-12,19,1196000.00,23,MEDIUM
Vellore,Tamil Nadu,2025-01-12,29,1694100.00,34,MEDIUM
Thanjavur,Tamil Nadu,2025-01-12,19,1133500.00,27,MEDIUM
Dindigul,Tamil Nadu,2025-01-12,15,692600.00,21,MEDIUM
Tirunelveli,Tamil Nadu,2025-01-12,25,1351500.00,22,MEDIUM
Thoothukudi,Tamil Nadu,2025-01-12,19,931800.00,20,MEDIUM
Chennai,Tamil Nadu,2025-01-19,41,1576200.00,48,HIGH
Coimbatore,Tamil Nadu,2025-01-19,51,2394800.00,44,HIGH
Madurai,Tamil Nadu,2025-01-19,41,1565400.00,52,HIGH
Salem,Tamil Nadu,2025-01-19,50,2523100.00,61,HIGH
Tiruchirappalli,Tamil Nadu,2025-01-19,32,1435100.00,38,MEDIUM
Tiruppur,Tamil Nadu,2025-01-19,38,1280600.00,37,MEDIUM
Erode,Tamil Nadu,2025-01-19,25,833200.00,38,MEDIUM
Vellore,Tamil Nadu,2025-01-19,40,2051800.00,25,MEDIUM
Thanjavur,Tamil Nadu,2025-01-19,17,608700.00,19,LOW
Dindigul,Tamil Nadu,2025-01-19,13,670000.00,20,MEDIUM
Tirunelveli,Tamil Nadu,2025-01-19,21,642400.00,14,LOW
Thoothukudi,Tamil Nadu,2025-01-19,16,619800.00,14,LOW
Chennai,Tamil Nadu,2025-01-26,38,2139700.00,42,HIGH
Coimbatore,Tamil Nadu,2025-01-26,61,3045500.00,56,HIGH
Madurai,Tamil Nadu,2025-01-26,32,1142900.00,38,MEDIUM
Salem,Tamil Nadu,2025-01-26,38,1771100.00,32,MEDIUM
Tiruchirappalli,Tamil Nadu,2025-01-26,36,2152500.00,37,MEDIUM
Tiruppur,Tamil Nadu,2025-01-26,32,1515000.00,32,MEDIUM
Erode,Tamil Nadu,2025-01-26,26,928000.00,37,MEDIUM
Vellore,Tamil Nadu,2025-01-26,40,1673000.00,20,MEDIUM
Thanjavur,Tamil Nadu,2025-01-26,21,1076800.00,19,LOW
Dindigul,Tamil Nadu,2025-01-26,13,443800.00,18,LOW
Tirunelveli,Tamil Nadu,2025-01-26,18,936400.00,19,LOW
Thoothukudi,Tamil Nadu,2025-01-26,10,534300.00,15,LOW
Chennai,Tamil Nadu,2025-02-02,47,1780600.00,44,HIGH
Coimbatore,Tamil Nadu,2025-02-02,55,2545600.00,59,HIGH
Madurai,Tamil Nadu,2025-02-02,30,1391700.00,46,HIGH
Salem,Tamil Nadu,2025-02-02,39,1592200.00,27,MEDIUM
Tiruchirappalli,Tamil Nadu,2025-02-02,35,1286900.00,22,MEDIUM
Tiruppur,Tamil Nadu,2025-02-02,40,1554300.00,41,HIGH
Erode,Tamil Nadu,2025-02-02,31,1336100.00,23,MEDIUM
Vellore,Tamil Nadu,2025-02-02,33,1265200.00,20,MEDIUM
Thanjavur,Tamil Nadu,2025-02-02,15,539000.00,21,MEDIUM
Dindigul,Tamil Nadu,2025-02-02,13,400300.00,14,LOW
Tirunelveli,Tamil Nadu,2025-02-02,24,677700.00,17,LOW
Thoothukudi,Tamil Nadu,2025-02-02,11,574100.00,18,LOW
Chennai,Tamil Nadu,2025-02-09,61,2551200.00,55,HIGH
Coimbatore,Tamil Nadu,2025-02-09,49,1750100.00,43,HIGH
Madurai,Tamil Nadu,2025-02-09,33,1257700.00,36,MEDIUM
Salem,Tamil Nadu,2025-02-09,56,2463600.00,37,MEDIUM
Tiruchirappalli,Tamil Nadu,2025-02-09,22,829600.00,44,HIGH
Tiruppur,Tamil Nadu,2025-02-09,35,2018600.00,46,HIGH
Erode,Tamil Nadu,2025-02-09,28,1443600.00,21,MEDIUM
Vellore,Tamil Nadu,2025-02-09,26,1255700.00,25,MEDIUM
Thanjavur,Tamil Nadu,2025-02-09,13,582500.00,18,LOW
Dindigul,Tamil Nadu,2025-02-09,21,1118300.00,13,LOW
Tirunelveli,Tamil Nadu,2025-02-09,20,1124400.00,15,LOW
Thoothukudi,Tamil Nadu,2025-02-09,14,578700.00,9,LOW
Chennai,Tamil Nadu,2025-02-16,80,4036500.00,63,HIGH
Coimbatore,Tamil Nadu,2025-02-16,53,2233200.00,49,HIGH
Madurai,Tamil Nadu,2025-02-16,34,1326500.00,40,HIGH
Salem,Tamil Nadu,2025-02-16,43,2605900.00,47,HIGH
Tiruchirappalli,Tamil Nadu,2025-02-16,30,1253000.00,47,HIGH
Tiruppur,Tamil Nadu,2025-02-16,20,987000.00,19,LOW
Erode,Tamil Nadu,2025-02-16,16,642200.00,26,MEDIUM
Vellore,Tamil Nadu,2025-02-16,28,983600.00,32,MEDIUM
Thanjavur,Tamil Nadu,2025-02-16,18,648600.00,24,MEDIUM
Dindigul,Tamil Nadu,2025-02-16,13,384200.00,17,LOW
Tirunelveli,Tamil Nadu,2025-02-16,21,1045200.00,19,LOW
Thoothukudi,Tamil Nadu,2025-02-16,8,520200.00,15,LOW
Chennai,Tamil Nadu,2025-02-23,69,2690800.00,54,HIGH
Coimbatore,Tamil Nadu,2025-02-23,45,2140900.00,52,HIGH
Madurai,Tamil Nadu,2025-02-23,40,1621100.00,51,HIGH
Salem,Tamil Nadu,2025-02-23,39,1904600.00,34,MEDIUM
Tiruchirappalli,Tamil Nadu,2025-02-23,23,863100.00,46,HIGH
Tiruppur,Tamil Nadu,2025-02-23,27,860600.00,44,HIGH
Erode,Tamil Nadu,2025-02-23,22,841500.00,21,MEDIUM
Vellore,Tamil Nadu,2025-02-23,35,2093500.00,24,MEDIUM
Thanjavur,Tamil Nadu,2025-02-23,21,1124800.00,20,MEDIUM
Dindigul,Tamil Nadu,2025-02-23,13,335100.00,25,MEDIUM
Tirunelveli,Tamil Nadu,2025-02-23,16,1260800.00,18,LOW
Thoothukudi,Tamil Nadu,2025-02-23,21,989600.00,18,LOW
Chennai,Tamil Nadu,2025-03-02,65,3064500.00,39,MEDIUM
Coimbatore,Tamil Nadu,2025-03-02,65,3056300.00,38,MEDIUM
Madurai,Tamil Nadu,2025-03-02,36,1633500.00,36,MEDIUM
Salem,Tamil Nadu,2025-03-02,52,2647800.00,54,HIGH
Tiruchirappalli,Tamil Nadu,2025-03-02,50,2339900.00,52,HIGH
Tiruppur,Tamil Nadu,2025-03-02,24,1280400.00,44,HIGH
Erode,Tamil Nadu,2025-03-02,25,1063600.00,52,HIGH
Vellore,Tamil Nadu,2025-03-02,18,1017100.00,24,MEDIUM
Thanjavur,Tamil Nadu,2025-03-02,21,802600.00,23,MEDIUM
Dindigul,Tamil Nadu,2025-03-02,8,387800.00,27,MEDIUM
Tirunelveli,Tamil Nadu,2025-03-02,12,447100.00,19,LOW
Thoothukudi,Tamil Nadu,2025-03-02,12,588900.00,11,LOW
Chennai,Tamil Nadu,2025-03-09,65,3388100.00,63,HIGH
Coimbatore,Tamil Nadu,2025-03-09,54,2719500.00,50,HIGH
Madurai,Tamil Nadu,2025-03-09,39,1736300.00,49,HIGH
Salem,Tamil Nadu,2025-03-09,45,1763100.00,57,HIGH
Tiruchirappalli,Tamil Nadu,2025-03-09,33,1595900.00,49,HIGH
Tiruppur,Tamil Nadu,2025-03-09,23,1130300.00,33,MEDIUM
Erode,Tamil Nadu,2025-03-09,23,1335500.00,36,MEDIUM
Vellore,Tamil Nadu,2025-03-09,29,1828100.00,16,LOW
Thanjavur,Tamil Nadu,2025-03-09,16,649700.00,10,LOW
Dindigul,Tamil Nadu,2025-03-09,12,532000.00,11,LOW
Tirunelveli,Tamil Nadu,2025-03-09,23,888900.00,16,LOW
Thoothukudi,Tamil Nadu,2025-03-09,10,694400.00,16,LOW
Chennai,Tamil Nadu,2025-03-16,64,2935100.00,46,HIGH
Coimbatore,Tamil Nadu,2025-03-16,69,4523900.00,41,HIGH
Madurai,Tamil Nadu,2025-03-16,39,2219800.00,47,HIGH
Salem,Tamil Nadu,2025-03-16,40,2051300.00,53,HIGH
Tiruchirappalli,Tamil Nadu,2025-03-16,37,2458000.00,32,MEDIUM
Tiruppur,Tamil Nadu,2025-03-16,32,1143200.00,47,HIGH
Erode,Tamil Nadu,2025-03-16,23,735500.00,29,MEDIUM
Vellore,Tamil Nadu,2025-03-16,42,1914300.00,28,MEDIUM
Thanjavur,Tamil Nadu,2025-03-16,22,1585700.00,25,MEDIUM
Dindigul,Tamil Nadu,2025-03-16,18,680700.00,15,LOW
Tirunelveli,Tamil Nadu,2025-03-16,19,808000.00,20,MEDIUM
Thoothukudi,Tamil Nadu,2025-03-16,10,316200.00,18,LOW
Chennai,Tamil Nadu,2025-03-23,82,3644900.00,55,HIGH
Coimbatore,Tamil Nadu,2025-03-23,53,1842300.00,65,HIGH
Madurai,Tamil Nadu,2025-03-23,33,1002000.00,28,MEDIUM
Salem,Tamil Nadu,2025-03-23,48,1824600.00,45,HIGH
Tiruchirappalli,Tamil Nadu,2025-03-23,25,1073500.00,34,MEDIUM
Tiruppur,Tamil Nadu,2025-03-23,18,644300.00,29,MEDIUM
Erode,Tamil Nadu,2025-03-23,18,954400.00,41,HIGH
Vellore,Tamil Nadu,2025-03-23,36,1633600.00,35,MEDIUM
Thanjavur,Tamil Nadu,2025-03-23,17,692600.00,22,MEDIUM
Dindigul,Tamil Nadu,2025-03-23,12,382600.00,15,LOW
Tirunelveli,Tamil Nadu,2025-03-23,28,1329500.00,17,LOW
Thoothukudi,Tamil Nadu,2025-03-23,19,661500.00,18,LOW
Chennai,Tamil Nadu,2025-03-30,55,3033900.00,54,HIGH
Coimbatore,Tamil Nadu,2025-03-30,64,2953900.00,63,HIGH
Madurai,Tamil Nadu,2025-03-30,35,1227900.00,47,HIGH
Salem,Tamil Nadu,2025-03-30,47,1739800.00,49,HIGH
Tiruchirappalli,Tamil Nadu,2025-03-30,31,1393200.00,47,HIGH
Tiruppur,Tamil Nadu,2025-03-30,40,1813800.00,23,MEDIUM
Erode,Tamil Nadu,2025-03-30,24,1202600.00,31,MEDIUM
Vellore,Tamil Nadu,2025-03-30,23,939600.00,29,MEDIUM
Thanjavur,Tamil Nadu,2025-03-30,34,1239300.00,26,MEDIUM
Dindigul,Tamil Nadu,2025-03-30,16,405700.00,18,LOW
Tirunelveli,Tamil Nadu,2025-03-30,30,1538600.00,19,LOW
Thoothukudi,Tamil Nadu,2025-03-30,15,562300.00,25,MEDIUM
Chennai,Tamil Nadu,2025-04-06,61,2842200.00,59,HIGH
Coimbatore,Tamil Nadu,2025-04-06,47,1537000.00,48,HIGH
Madurai,Tamil Nadu,2025-04-06,44,1523000.00,35,MEDIUM
Salem,Tamil Nadu,2025-04-06,31,1638000.00,28,MEDIUM
Tiruchirappalli,Tamil Nadu,2025-04-06,40,1302200.00,55,HIGH
Tiruppur,Tamil Nadu,2025-04-06,25,1117600.00,22,MEDIUM
Erode,Tamil Nadu,2025-04-06,25,891000.00,26,MEDIUM
Vellore,Tamil Nadu,2025-04-06,21,793800.00,24,MEDIUM
Thanjavur,Tamil Nadu,2025-04-06,20,983800.00,22,MEDIUM
Dindigul,Tamil Nadu,2025-04-06,11,404600.00,23,MEDIUM
Tirunelveli,Tamil Nadu,2025-04-06,21,1046600.00,15,LOW
Thoothukudi,Tamil Nadu,2025-04-06,18,917500.00,15,LOW
Chennai,Tamil Nadu,2025-04-13,60,2699200.00,47,HIGH
Coimbatore,Tamil Nadu,2025-04-13,67,2981900.00,53,HIGH
Madurai,Tamil Nadu,2025-04-13,46,2001900.00,51,HIGH
Salem,Tamil Nadu,2025-04-13,28,1416200.00,40,HIGH
Tiruchirappalli,Tamil Nadu,2025-04-13,36,2455600.00,33,MEDIUM
Tiruppur,Tamil Nadu,2025-04-13,31,1593200.00,31,MEDIUM
Erode,Tamil Nadu,2025-04-13,33,1582300.00,38,MEDIUM
Vellore,Tamil Nadu,2025-04-13,25,987500.00,33,MEDIUM
Thanjavur,Tamil Nadu,2025-04-13,35,1374200.00,17,LOW
Dindigul,Tamil Nadu,2025-04-13,11,314000.00,17,LOW
Tirunelveli,Tamil Nadu,2025-04-13,19,881900.00,32,MEDIUM
Thoothukudi,Tamil Nadu,2025-04-13,19,905700.00,27,MEDIUM
Chennai,Tamil Nadu,2025-04-20,66,2268600.00,55,HIGH
Coimbatore,Tamil Nadu,2025-04-20,61,2276100.00,48,HIGH
Madurai,Tamil Nadu,2025-04-20,42,1841200.00,59,HIGH
Salem,Tamil Nadu,2025-04-20,35,1856400.00,29,MEDIUM
Tiruchirappalli,Tamil Nadu,2025-04-20,47,2339500.00,54,HIGH
Tiruppur,Tamil Nadu,2025-04-20,32,1535700.00,34,MEDIUM
Erode,Tamil Nadu,2025-04-20,23,1003300.00,36,MEDIUM
Vellore,Tamil Nadu,2025-04-20,21,662800.00,6,LOW
Thanjavur,Tamil Nadu,2025-04-20,13,373800.00,21,MEDIUM
Dindigul,Tamil Nadu,2025-04-20,13,607200.00,25,MEDIUM
Tirunelveli,Tamil Nadu,2025-04-20,29,1803500.00,18,LOW
Thoothukudi,Tamil Nadu,2025-04-20,16,609400.00,12,LOW
Chennai,Tamil Nadu,2025-04-27,64,2744200.00,48,HIGH
Coimbatore,Tamil Nadu,2025-04-27,53,2466800.00,34,MEDIUM
Madurai,Tamil Nadu,2025-04-27,30,1373700.00,51,HIGH
Salem,Tamil Nadu,2025-04-27,23,889100.00,48,HIGH
Tiruchirappalli,Tamil Nadu,2025-04-27,41,1472300.00,23,MEDIUM
Tiruppur,Tamil Nadu,2025-04-27,26,1061300.00,42,HIGH
Erode,Tamil Nadu,2025-04-27,35,1926700.00,37,MEDIUM
Vellore,Tamil Nadu,2025-04-27,22,792200.00,25,MEDIUM
Thanjavur,Tamil Nadu,2025-04-27,24,1007500.00,15,LOW
Dindigul,Tamil Nadu,2025-04-27,22,900800.00,25,MEDIUM
Tirunelveli,Tamil Nadu,2025-04-27,26,1046200.00,21,MEDIUM
Thoothukudi,Tamil Nadu,2025-04-27,18,659400.00,8,LOW
Chennai,Tamil Nadu,2025-05-04,39,1605200.00,47,HIGH
Coimbatore,Tamil Nadu,2025-05-04,57,2488700.00,58,HIGH
Madurai,Tamil Nadu,2025-05-04,47,1808100.00,45,HIGH
Salem,Tamil Nadu,2025-05-04,35,1712600.00,31,MEDIUM
Tiruchirappalli,Tamil Nadu,2025-05-04,41,1469700.00,60,HIGH
Tiruppur,Tamil Nadu,2025-05-04,36,1737400.00,32,MEDIUM
Erode,Tamil Nadu,2025-05-04,30,1096300.00,27,MEDIUM
Vellore,Tamil Nadu,2025-05-04,16,1078700.00,22,MEDIUM
Thanjavur,Tamil Nadu,2025-05-04,23,932600.00,19,LOW
Dindigul,Tamil Nadu,2025-05-04,17,775500.00,24,MEDIUM
Tirunelveli,Tamil Nadu,2025-05-04,27,1170400.00,13,LOW
Thoothukudi,Tamil Nadu,2025-05-04,14,705900.00,13,LOW
Chennai,Tamil Nadu,2025-05-11,75,4253600.00,43,HIGH
Coimbatore,Tamil Nadu,2025-05-11,50,2172100.00,57,HIGH
Madurai,Tamil Nadu,2025-05-11,41,1699200.00,47,HIGH
Salem,Tamil Nadu,2025-05-11,34,1579400.00,46,HIGH
Tiruchirappalli,Tamil Nadu,2025-05-11,61,2810600.00,37,MEDIUM
Tiruppur,Tamil Nadu,2025-05-11,33,1623500.00,43,HIGH
Erode,Tamil Nadu,2025-05-11,37,2072800.00,39,MEDIUM
Vellore,Tamil Nadu,2025-05-11,11,307200.00,34,MEDIUM
Thanjavur,Tamil Nadu,2025-05-11,25,1116900.00,14,LOW
Dindigul,Tamil Nadu,2025-05-11,21,935900.00,29,MEDIUM
Tirunelveli,Tamil Nadu,2025-05-11,11,358500.00,17,LOW
Thoothukudi,Tamil Nadu,2025-05-11,22,993100.00,14,LOW
Chennai,Tamil Nadu,2025-05-18,62,2077500.00,51,HIGH
Coimbatore,Tamil Nadu,2025-05-18,51,2531900.00,60,HIGH
Madurai,Tamil Nadu,2025-05-18,33,1586300.00,49,HIGH
Salem,Tamil Nadu,2025-05-18,20,945900.00,31,MEDIUM
Tiruchirappalli,Tamil Nadu,2025-05-18,47,2357300.00,48,HIGH
Tiruppur,Tamil Nadu,2025-05-18,20,691100.00,37,MEDIUM
Erode,Tamil Nadu,2025-05-18,37,1769600.00,37,MEDIUM
Vellore,Tamil Nadu,2025-05-18,18,620900.00,24,MEDIUM
Thanjavur,Tamil Nadu,2025-05-18,31,1668500.00,26,MEDIUM
Dindigul,Tamil Nadu,2025-05-18,15,602700.00,22,MEDIUM
Tirunelveli,Tamil Nadu,2025-05-18,29,1006700.00,22,MEDIUM
Thoothukudi,Tamil Nadu,2025-05-18,22,1166900.00,13,LOW
Chennai,Tamil Nadu,2025-05-25,57,3187100.00,41,HIGH
Coimbatore,Tamil Nadu,2025-05-25,51,1569300.00,74,HIGH
Madurai,Tamil Nadu,2025-05-25,49,2346000.00,47,HIGH
Salem,Tamil Nadu,2025-05-25,28,1203000.00,28,MEDIUM
Tiruchirappalli,Tamil Nadu,2025-05-25,73,3160000.00,45,HIGH
Tiruppur,Tamil Nadu,2025-05-25,31,973900.00,34,MEDIUM
Erode,Tamil Nadu,2025-05-25,21,508700.00,30,MEDIUM
Vellore,Tamil Nadu,2025-05-25,16,867900.00,22,MEDIUM
Thanjavur,Tamil Nadu,2025-05-25,20,954100.00,37,MEDIUM
Dindigul,Tamil Nadu,2025-05-25,17,583600.00,26,MEDIUM
Tirunelveli,Tamil Nadu,2025-05-25,22,889600.00,16,LOW
Thoothukudi,Tamil Nadu,2025-05-25,14,475200.00,13,LOW
Chennai,Tamil Nadu,2025-06-01,68,3049900.00,47,HIGH
Coimbatore,Tamil Nadu,2025-06-01,56,2944000.00,53,HIGH
Madurai,Tamil Nadu,2025-06-01,27,955900.00,32,MEDIUM
Salem,Tamil Nadu,2025-06-01,21,1130900.00,39,MEDIUM
Tiruchirappalli,Tamil Nadu,2025-06-01,53,2865600.00,62,HIGH
Tiruppur,Tamil Nadu,2025-06-01,38,1734500.00,32,MEDIUM
Erode,Tamil Nadu,2025-06-01,40,1380900.00,37,MEDIUM
Vellore,Tamil Nadu,2025-06-01,25,1099600.00,25,MEDIUM
Thanjavur,Tamil Nadu,2025-06-01,21,1031000.00,20,MEDIUM
Dindigul,Tamil Nadu,2025-06-01,20,653400.00,16,LOW
Tirunelveli,Tamil Nadu,2025-06-01,26,1034300.00,38,MEDIUM
Thoothukudi,Tamil Nadu,2025-06-01,21,850800.00,19,LOW
Chennai,Tamil Nadu,2025-06-08,79,3685500.00,61,HIGH
Coimbatore,Tamil Nadu,2025-06-08,52,2166100.00,49,HIGH
Madurai,Tamil Nadu,2025-06-08,32,1498500.00,54,HIGH
Salem,Tamil Nadu,2025-06-08,26,1285900.00,45,HIGH
Tiruchirappalli,Tamil Nadu,2025-06-08,42,1810300.00,41,HIGH
Tiruppur,Tamil Nadu,2025-06-08,37,1826700.00,38,MEDIUM
Erode,Tamil Nadu,2025-06-08,29,1892900.00,24,MEDIUM
Vellore,Tamil Nadu,2025-06-08,20,520700.00,28,MEDIUM
Thanjavur,Tamil Nadu,2025-06-08,28,1400600.00,26,MEDIUM
Dindigul,Tamil Nadu,2025-06-08,10,521200.00,20,MEDIUM
Tirunelveli,Tamil Nadu,2025-06-08,43,2300200.00,38,MEDIUM
Thoothukudi,Tamil Nadu,2025-06-08,7,193400.00,18,LOW
Chennai,Tamil Nadu,2025-06-15,64,2577700.00,39,MEDIUM
Coimbatore,Tamil Nadu,2025-06-15,50,2271900.00,52,HIGH
Madurai,Tamil Nadu,2025-06-15,42,1825800.00,43,HIGH
Salem,Tamil Nadu,2025-06-15,25,1518900.00,48,HIGH
Tiruchirappalli,Tamil Nadu,2025-06-15,48,2733700.00,41,HIGH
Tiruppur,Tamil Nadu,2025-06-15,24,1150300.00,50,HIGH
Erode,Tamil Nadu,2025-06-15,39,1425300.00,24,MEDIUM
Vellore,Tamil Nadu,2025-06-15,18,908800.00,23,MEDIUM
Thanjavur,Tamil Nadu,2025-06-15,20,667400.00,21,MEDIUM
Dindigul,Tamil Nadu,2025-06-15,10,225100.00,18,LOW
Tirunelveli,Tamil Nadu,2025-06-15,48,2097500.00,26,MEDIUM
Thoothukudi,Tamil Nadu,2025-06-15,14,576400.00,22,MEDIUM
Chennai,Tamil Nadu,2025-06-22,64,4373700.00,37,MEDIUM
Coimbatore,Tamil Nadu,2025-06-22,48,2429200.00,62,HIGH
Madurai,Tamil Nadu,2025-06-22,45,1768600.00,43,HIGH
Salem,Tamil Nadu,2025-06-22,19,864900.00,28,MEDIUM
Tiruchirappalli,Tamil Nadu,2025-06-22,43,1552300.00,60,HIGH
Tiruppur,Tamil Nadu,2025-06-22,28,1121600.00,24,MEDIUM
Erode,Tamil Nadu,2025-06-22,38,1590600.00,33,MEDIUM
Vellore,Tamil Nadu,2025-06-22,23,875800.00,20,MEDIUM
Thanjavur,Tamil Nadu,2025-06-22,21,808700.00,20,MEDIUM
Dindigul,Tamil Nadu,2025-06-22,18,694700.00,22,MEDIUM
Tirunelveli,Tamil Nadu,2025-06-22,34,1444900.00,23,MEDIUM
Thoothukudi,Tamil Nadu,2025-06-22,16,662700.00,17,LOW
Chennai,Tamil Nadu,2025-06-29,66,2733700.00,46,HIGH
Coimbatore,Tamil Nadu,2025-06-29,58,1972600.00,65,HIGH
Madurai,Tamil Nadu,2025-06-29,40,1990400.00,50,HIGH
Salem,Tamil Nadu,2025-06-29,30,1629100.00,47,HIGH
Tiruchirappalli,Tamil Nadu,2025-06-29,49,1395500.00,64,HIGH
Tiruppur,Tamil Nadu,2025-06-29,45,1935500.00,47,HIGH
Erode,Tamil Nadu,2025-06-29,29,1205000.00,30,MEDIUM
Vellore,Tamil Nadu,2025-06-29,21,1072500.00,26,MEDIUM
Thanjavur,Tamil Nadu,2025-06-29,20,1104600.00,32,MEDIUM
Dindigul,Tamil Nadu,2025-06-29,28,1073000.00,28,MEDIUM
Tirunelveli,Tamil Nadu,2025-06-29,38,1545200.00,31,MEDIUM
Thoothukudi,Tamil Nadu,2025-06-29,25,832100.00,14,LOW
Chennai,Tamil Nadu,2025-07-06,81,3595900.00,58,HIGH
Coimbatore,Tamil Nadu,2025-07-06,52,2431400.00,51,HIGH
Madurai,Tamil Nadu,2025-07-06,50,1666200.00,54,HIGH
Salem,Tamil Nadu,2025-07-06,30,1259300.00,30,MEDIUM
Tiruchirappalli,Tamil Nadu,2025-07-06,27,1111800.00,40,HIGH
Tiruppur,Tamil Nadu,2025-07-06,45,2249600.00,38,MEDIUM
Erode,Tamil Nadu,2025-07-06,26,950800.00,33,MEDIUM
Vellore,Tamil Nadu,2025-07-06,22,1249600.00,30,MEDIUM
Thanjavur,Tamil Nadu,2025-07-06,19,839300.00,36,MEDIUM
Dindigul,Tamil Nadu,2025-07-06,11,410300.00,26,MEDIUM
Tirunelveli,Tamil Nadu,2025-07-06,24,764000.00,24,MEDIUM
Thoothukudi,Tamil Nadu,2025-07-06,18,890800.00,23,MEDIUM
Chennai,Tamil Nadu,2025-07-13,65,2902400.00,29,MEDIUM
Coimbatore,Tamil Nadu,2025-07-13,55,2260500.00,48,HIGH
Madurai,Tamil Nadu,2025-07-13,37,1836600.00,45,HIGH
Salem,Tamil Nadu,2025-07-13,35,1397700.00,34,MEDIUM
Tiruchirappalli,Tamil Nadu,2025-07-13,48,2022400.00,31,MEDIUM
Tiruppur,Tamil Nadu,2025-07-13,32,2159000.00,31,MEDIUM
Erode,Tamil Nadu,2025-07-13,32,1244000.00,29,MEDIUM
Vellore,Tamil Nadu,2025-07-13,19,847800.00,24,MEDIUM
Thanjavur,Tamil Nadu,2025-07-13,19,662700.00,33,MEDIUM
Dindigul,Tamil Nadu,2025-07-13,20,552600.00,18,LOW
Tirunelveli,Tamil Nadu,2025-07-13,28,1072700.00,12,LOW
Thoothukudi,Tamil Nadu,2025-07-13,28,1354200.00,19,LOW
Chennai,Tamil Nadu,2025-07-20,66,3500200.00,42,HIGH
Coimbatore,Tamil Nadu,2025-07-20,58,2609900.00,64,HIGH
Madurai,Tamil Nadu,2025-07-20,37,1901300.00,37,MEDIUM
Salem,Tamil Nadu,2025-07-20,26,959600.00,52,HIGH
Tiruchirappalli,Tamil Nadu,2025-07-20,58,2131700.00,32,MEDIUM
Tiruppur,Tamil Nadu,2025-07-20,37,1332600.00,47,HIGH
Erode,Tamil Nadu,2025-07-20,23,1086900.00,35,MEDIUM
Vellore,Tamil Nadu,2025-07-20,16,759800.00,24,MEDIUM
Thanjavur,Tamil Nadu,2025-07-20,17,1001900.00,22,MEDIUM
Dindigul,Tamil Nadu,2025-07-20,17,467300.00,17,LOW
Tirunelveli,Tamil Nadu,2025-07-20,24,1076100.00,26,MEDIUM
Thoothukudi,Tamil Nadu,2025-07-20,19,668200.00,16,LOW
Chennai,Tamil Nadu,2025-07-27,70,3139800.00,48,HIGH
Coimbatore,Tamil Nadu,2025-07-27,50,2040100.00,59,HIGH
Madurai,Tamil Nadu,2025-07-27,45,1494200.00,45,HIGH
Salem,Tamil Nadu,2025-07-27,28,1265600.00,33,MEDIUM
Tiruchirappalli,Tamil Nadu,2025-07-27,56,2361500.00,57,HIGH
Tiruppur,Tamil Nadu,2025-07-27,39,1473200.00,51,HIGH
Erode,Tamil Nadu,2025-07-27,16,738300.00,32,MEDIUM
Vellore,Tamil Nadu,2025-07-27,16,571100.00,35,MEDIUM
Thanjavur,Tamil Nadu,2025-07-27,35,1427300.00,15,LOW
Dindigul,Tamil Nadu,2025-07-27,14,493200.00,18,LOW
Tirunelveli,Tamil Nadu,2025-07-27,33,1396100.00,23,MEDIUM
Thoothukudi,Tamil Nadu,2025-07-27,22,955100.00,22,MEDIUM
Chennai,Tamil Nadu,2025-08-03,77,3681500.00,54,HIGH
Coimbatore,Tamil Nadu,2025-08-03,40,1966700.00,51,HIGH
Madurai,Tamil Nadu,2025-08-03,49,2171700.00,46,HIGH
Salem,Tamil Nadu,2025-08-03,35,1245600.00,43,HIGH
Tiruchirappalli,Tamil Nadu,2025-08-03,36,1567700.00,47,HIGH
Tiruppur,Tamil Nadu,2025-08-03,43,2735500.00,39,MEDIUM
Erode,Tamil Nadu,2025-08-03,30,1442400.00,24,MEDIUM
Vellore,Tamil Nadu,2025-08-03,19,858000.00,31,MEDIUM
Thanjavur,Tamil Nadu,2025-08-03,34,1099400.00,18,LOW
Dindigul,Tamil Nadu,2025-08-03,17,663200.00,29,MEDIUM
Tirunelveli,Tamil Nadu,2025-08-03,24,967600.00,25,MEDIUM
Thoothukudi,Tamil Nadu,2025-08-03,18,880500.00,18,LOW
Chennai,Tamil Nadu,2025-08-10,59,3481700.00,50,HIGH
Coimbatore,Tamil Nadu,2025-08-10,62,3471000.00,52,HIGH
Madurai,Tamil Nadu,2025-08-10,45,2137000.00,40,HIGH
Salem,Tamil Nadu,2025-08-10,43,2086700.00,47,HIGH
Tiruchirappalli,Tamil Nadu,2025-08-10,38,1436400.00,46,HIGH
Tiruppur,Tamil Nadu,2025-08-10,25,773800.00,47,HIGH
Erode,Tamil Nadu,2025-08-10,41,1384700.00,50,HIGH
Vellore,Tamil Nadu,2025-08-10,19,1111000.00,18,LOW
Thanjavur,Tamil Nadu,2025-08-10,23,1162600.00,16,LOW
Dindigul,Tamil Nadu,2025-08-10,13,646100.00,17,LOW
Tirunelveli,Tamil Nadu,2025-08-10,22,1105800.00,29,MEDIUM
Thoothukudi,Tamil Nadu,2025-08-10,16,588700.00,13,LOW
Chennai,Tamil Nadu,2025-08-17,64,2888500.00,50,HIGH
Coimbatore,Tamil Nadu,2025-08-17,76,3495500.00,64,HIGH
Madurai,Tamil Nadu,2025-08-17,39,2090200.00,50,HIGH
Salem,Tamil Nadu,2025-08-17,34,1585800.00,41,HIGH
Tiruchirappalli,Tamil Nadu,2025-08-17,42,1801600.00,43,HIGH
Tiruppur,Tamil Nadu,2025-08-17,23,1083200.00,30,MEDIUM
Erode,Tamil Nadu,2025-08-17,21,818500.00,40,HIGH
Vellore,Tamil Nadu,2025-08-17,27,1715500.00,30,MEDIUM
Thanjavur,Tamil Nadu,2025-08-17,30,964600.00,28,MEDIUM
Dindigul,Tamil Nadu,2025-08-17,11,346400.00,21,MEDIUM
Tirunelveli,Tamil Nadu,2025-08-17,20,876200.00,13,LOW
Thoothukudi,Tamil Nadu,2025-08-17,14,455200.00,17,LOW
Chennai,Tamil Nadu,2025-08-24,75,3062800.00,52,HIGH
Coimbatore,Tamil Nadu,2025-08-24,102,4549600.00,57,HIGH
Madurai,Tamil Nadu,2025-08-24,27,1086200.00,34,MEDIUM
Salem,Tamil Nadu,2025-08-24,38,1736000.00,56,HIGH
Tiruchirappalli,Tamil Nadu,2025-08-24,52,2501000.00,56,HIGH
Tiruppur,Tamil Nadu,2025-08-24,17,797500.00,33,MEDIUM
Erode,Tamil Nadu,2025-08-24,34,1456100.00,38,MEDIUM
Vellore,Tamil Nadu,2025-08-24,23,1264300.00,36,MEDIUM
Thanjavur,Tamil Nadu,2025-08-24,37,1824700.00,29,MEDIUM
Dindigul,Tamil Nadu,2025-08-24,21,832100.00,16,LOW
Tirunelveli,Tamil Nadu,2025-08-24,21,1636600.00,24,MEDIUM
Thoothukudi,Tamil Nadu,2025-08-24,19,860600.00,19,LOW
Chennai,Tamil Nadu,2025-08-31,7,272300.00,23,MEDIUM
Coimbatore,Tamil Nadu,2025-08-31,13,501000.00,20,MEDIUM
Madurai,Tamil Nadu,2025-08-31,6,297100.00,28,MEDIUM
Salem,Tamil Nadu,2025-08-31,5,74300.00,11,LOW
Tiruchirappalli,Tamil Nadu,2025-08-31,11,422400.00,18,LOW
Tiruppur,Tamil Nadu,2025-08-31,5,150200.00,13,LOW
Erode,Tamil Nadu,2025-08-31,8,222100.00,23,MEDIUM
Vellore,Tamil Nadu,2025-08-31,5,123000.00,9,LOW
Thanjavur,Tamil Nadu,2025-08-31,1,18400.00,8,LOW
Dindigul,Tamil Nadu,2025-08-31,4,383500.00,10,LOW
Tirunelveli,Tamil Nadu,2025-08-31,5,114300.00,3,LOW
Thoothukudi,Tamil Nadu,2025-08-31,4,364000.00,7,LOW
